{
  "np_clean": 0.4622438319327292,
  "np_watermarked": 0.46224588451001664,
  "np_attacked": 0.46243688344217304
}